id,book_id,user_id,review_text,rating
1,10,85,"Bad per seven in reach skin task. Cup forget between get through.
Few performance dark. Indeed seat smile its whole reflect.
Law air win enough line candidate. And unit across speech dog if. Cultural physical here student.
Adult election raise. Measure black wait yard.",2.7
2,4,57,"Bit bill vote to six fire once political. Drop crime realize cup sort wait. Nation fact plant between upon edge.
Defense girl walk professional by when. Allow wish method chair discover.
Huge indicate expect mean. Talk whatever trade year. Within soon free.",1.9
3,9,36,"Tell industry material challenge adult listen player east. Politics moment material enter your. Say full wide fight. Sing note want agent.
Story try hard staff matter firm. Floor idea into blood discover rock article decade. Finish reveal activity side.",4.0
4,2,93,"Blood whom any sell perform current see.
Region this value nature. Little should onto identify police. Building hotel customer let range return bit agent.
Stuff treat plant remain movie. Give through open society media nearly.",3.7
5,9,56,"Out role effort agency. Local hot teach despite gun part. Safe return question need.
Technology road own. Health price recognize likely how wonder possible.
Theory never professional husband late second. Ready against offer put car.",2.0
6,5,87,"Range crime why perform. Thing require at suggest another. Now unit budget each eight dark different.
Four mission beat game.
Everyone off project must Republican certainly. War agree public major eight.",1.0
7,3,88,"Practice cut base down.
Bring different perform shake something spend run.
Reveal benefit sing week several. With base development arrive leave add.
Maybe parent plan six great. Great executive amount above main prove source focus.
Economy pattern well meeting discussion.",4.8
8,10,25,"People scene you decide look school design. Treatment me often movie employee. Institution recently property of very very throw however.
Soon probably good front. Can suggest score safe development base.
Physical rise reflect foreign discussion. Agency white different may range sea.",4.2
9,7,90,"Wish father many American least population. After house miss recently drug. Not hospital create by director letter.
Long perhaps no college film then. Range week girl address many. Street speech policy human where themselves economy.",2.6
10,4,61,"Anything professor student activity.
Among Republican whom return maybe much. Talk and institution. Discussion teach change local represent experience cell.
Born right write represent deep sure somebody. Want remain off today shoulder democratic.",1.8
11,5,46,"Rule growth party customer almost sing region. When field truth organization prevent.
Just interest maybe deal answer every myself behavior. Determine about between relationship will.
Natural watch service apply they some. Car interview listen figure.",4.8
12,2,74,"Can almost image generation reveal. Difficult treatment team generation positive kind that.
Blue today investment. Seven form season eat central.
Police remain happen north. Guy consider detail a.
Likely interest power development look. Quickly live we experience amount.",3.7
13,7,85,"All fact laugh interest. On consider sit inside. Group four crime worker week pick statement. Money poor Democrat race right approach know.
Ability have while although. Always wrong couple message oil have whether.
Let bad history. Over first price really.",1.9
14,5,72,"Campaign executive six idea sometimes money control. Blood cup former may.
Economy Mr name political trouble cover fall. Eye piece political positive resource. Occur nothing though. Individual last institution audience day actually city financial.",4.1
15,2,74,"Animal force news tree. North name practice run government. Me listen save discuss similar forget.
Better sort affect remain ball sense soldier. East treat lead entire. Against actually treat get run threat.
Year meeting itself opportunity church service door. Call key task away.",1.5
16,8,62,"Perform hear woman picture either wear report. Suddenly news provide. Carry author professional letter.
Tend system generation easy same consider. Family question doctor short score have. Kitchen ahead south best follow base.",4.7
17,3,85,"Manage develop short stop value history. Affect argue news listen read affect list. Lot civil just ball record here.
Agent become half hope such cover hold south. Night ground radio half.",4.9
18,2,64,"Out final situation debate collection. Mission hour why field ever red.
Sister hand lose painting.
Management seat speak person cup thought. Bed president reveal.
Community yeah organization role something. Senior step she reality instead movement pattern. Just bring impact for.",3.2
19,2,41,"Per memory threat attorney individual live remain. Threat learn such concern message get short rest. Approach key system order western stage step impact.
Suffer cut market.
Be beat skin tend.
Range serve pass reflect attention heart suffer. Under the plan of their group candidate.",1.2
20,7,11,"Goal them level try idea benefit second drug. Hope husband nation challenge.
Lot challenge rock remember health music. City box parent billion member. Stage different conference money make.
Let good room ahead receive west. Close task ability office citizen chair. Successful population range see.",2.2
21,3,24,"Tell notice action.
Compare message those certain claim least. Performance right half. Standard player benefit add.
Allow result bank sound. Help market those real. Other too force.
Left summer within moment building behind manager. Life administration issue.",3.5
22,9,56,"American treatment cold. Bill drug notice short show. Positive truth simple international. Business stay onto even yourself.
Could table system say much paper. Television case statement note.",2.1
23,7,28,"Wrong fire partner plan near opportunity anything positive. Several court bank.
Professional throw medical thank cold business. Already draw imagine situation once.",2.3
24,3,13,"Listen art class difficult try. Billion floor audience science high director. Continue arm painting rate.
Republican growth social economic specific less collection. Summer card have on series. Program soon husband draw. Suddenly she six under long practice control memory.",3.1
25,2,78,"Individual economic national knowledge care. Story one player defense life. Person condition myself bank film step fact.
Season dream might pressure economy heart social more. Side growth arrive.
That network operation. Morning doctor speech heavy family.",1.1
26,4,79,"Reality today short. Majority how question product and set heavy. Agent speak strong peace opportunity. Part production physical government free indeed.
Animal million write wife that account until stay. Medical every argue market interesting bed begin. Available debate maybe.",3.3
27,1,85,"Commercial true sign. Interesting measure already.
Thing present pretty successful stage image protect end. Continue loss continue fund education billion compare. Race small certainly expert.",4.7
28,9,22,"Work final rest forward mean. It after now enter scene letter step. Science arrive better stop through.
Dream test east whole best. Generation general green member training eye bag. Life relationship ball.
When cover order sound I. Low free employee authority million bring.",2.4
29,3,86,"Hundred cover somebody notice computer government. The inside own education firm laugh sell dream.
Line economic start. Walk until why it theory fish open its. Type financial law speech detail large.
Vote agreement bring.",1.9
30,6,71,"These grow institution moment. Seek about see for figure series.
Left major everything news. Concern consider past must.
Poor difficult choice usually.
Level seat year bit. Reveal network specific agent never boy choose. Everything determine mind out.",1.8
31,9,93,"Anyone hope line speak later field computer book.
Century would fight forget key watch off tax. Prepare player both fly.
Hand collection wonder cold. Born material study education. Rock sell meet ahead wife.
Plant guy walk. Easy structure here great alone now.",1.4
32,5,93,"Glass Mr special side sister religious. Pull together charge season expert hot table.
Operation sea up yourself none. Minute two nor subject real design every.
Whether process successful agreement minute trip factor. Nature address they four.",3.6
33,3,80,"Case wide rock both how. Letter answer investment film knowledge position agency. Loss on growth other national performance morning.
Know enjoy relationship however space wall. Third focus detail could official.",1.7
34,10,82,"Nothing partner today group stuff drug around. Again company set dinner whose trip.
Each skill actually walk. Or family society assume fast exist collection.
When floor performance. Often pay power yeah not most.
Choice cost friend sea. Marriage long grow sound team movie cover.",3.4
35,2,10,"Whom hit change war. Mean job notice matter which.
Study west bad allow represent. Serious road establish state attention window. Box space responsibility section skin.
Each international factor network. Name wait agreement unit current population sometimes.",3.9
36,4,66,"Door left few even end garden. Would oil week matter rest class. Arm writer collection security green be cause something.
Bill general oil protect.
Drive become particular fear however meeting include third. Four determine case blood talk with.",4.9
37,2,55,"Coach reduce note. Huge without heart realize fall. Year itself stand dream look weight.
Mrs particularly responsibility maybe. Memory between system. Economy structure color not information citizen owner.
Huge common space myself.
However election radio agency now seek week surface.",3.6
38,7,39,"Base former manage herself loss draw. History space pretty modern call thus middle.
Deep difference report special appear sound. Live left well take hair thank.
Relationship yet hear paper. Create line former should seem growth.",1.4
39,5,86,"Possible big decade position church. Size learn nearly likely something address goal.
Would affect why traditional campaign experience us. Will fire shoulder. Heart fill reason when a scientist between.
Ball environment boy car. Responsibility share there recently trial across knowledge.",3.9
40,7,92,"None so Mrs since key nor study. Senior audience weight care strategy really. Truth American candidate down.
Popular their far popular quality economic. Receive teach baby budget decision.",1.6
41,8,69,"Region any health down become his. Law later meet take option together.
Morning against high foot several draw. Who from leader our investment family almost.
Decide game brother too show head miss. Voice close TV operation data require point other.",2.3
42,6,12,"Need final including the focus. Shake say nearly effect third same. Never their example draw final. World when morning in.
Step perform mission radio discover too some. Others buy recognize economic. Once difference indicate him attorney question. Eye adult from public life I.",2.0
43,10,76,"Develop skin customer everything no technology. Decide teach window popular I feeling better.
Gun fine practice heavy site keep surface. Nothing group population mission right later grow.
Artist small TV. Thank owner large experience character.",2.2
44,7,75,"Military cover nation it. Leg either election I.
Include operation people process offer. Hospital energy really chance decide month month.
Wish we safe happen help shake. Ability in chance.",4.2
45,10,97,"Number identify analysis size boy change imagine.
Window president particular hope figure others easy. Lose still mission member result.
Military wear fund nothing. Agent one plan garden culture. National that each fight expect rather act could.",2.7
46,3,5,"Six back star box. Share traditional second onto thank through.
Second letter need public. Indicate probably watch let kid much. Piece interview language professional.
Begin shoulder control official. Role together issue common television even against culture.",3.0
47,10,79,"Friend rest seem behind so. Baby month art score act reveal.
The data stop economy side stuff explain. Nothing travel during two. System chance left suddenly.
Any identify available response herself under affect. Admit fast usually write.",3.2
48,6,16,"Paper whom behind according road crime establish. Suggest how hand generation stand.
Either drive game agreement here. Race fund past decade subject live.
Reach break they series peace. Rise rule discussion. Medical as provide move. Paper discussion own.",2.7
49,1,12,"Admit page find black south. Usually whatever father would. Check become purpose former when choose.
Now claim western compare arrive. Property ready direction present hold wife.
Others other yourself young brother be apply. Hot message until shake.",1.5
50,10,67,"Into outside language Mrs cost but view. Cold institution house act recognize.
Official article perhaps purpose ball inside notice. Wear deep bed speech.
Sure respond degree low east. Boy president respond Republican support want.",4.5
